{"Monday_0": {"mean": 81.33333333333333, "std": 34.26854728950927}, "Monday_1": {"mean": 20.333333333333332, "std": 10.016652800877813}, "Monday_2": {"mean": 28.333333333333332, "std": 7.371114795831994}, "Monday_3": {"mean": 17.0, "std": 12.288205727444508}, "Monday_4": {"mean": 4.333333333333333, "std": 3.055050463303893}, "Monday_5": {"mean": 4.0, "std": 2.0}, "Monday_6": {"mean": 18.666666666666668, "std": 22.94195574342635}, "Monday_7": {"mean": 46.666666666666664, "std": 34.122328955294556}, "Monday_8": {"mean": 148.66666666666666, "std": 80.556398463023}, "Monday_9": {"mean": 328.0, "std": 115.11298797268708}, "Monday_10": {"mean": 505.0, "std": 219.93862780330335}, "Monday_11": {"mean": 719.0, "std": 297.1262357988604}, "Monday_12": {"mean": 703.6666666666666, "std": 303.52814257220587}, "Monday_13": {"mean": 738.0, "std": 297.14138049083635}, "Monday_14": {"mean": 572.0, "std": 199.07536261426225}, "Monday_15": {"mean": 550.0, "std": 211.87968283910564}, "Monday_16": {"mean": 452.6666666666667, "std": 209.42142520127527}, "Monday_17": {"mean": 444.6666666666667, "std": 67.02487100571946}, "Monday_18": {"mean": 307.3333333333333, "std": 76.57893531078462}, "Monday_19": {"mean": 315.0, "std": 75.54468876102409}, "Monday_20": {"mean": 293.0, "std": 77.6595132614157}, "Monday_21": {"mean": 341.0, "std": 119.4780314534852}, "Monday_22": {"mean": 344.3333333333333, "std": 48.16983841921554}, "Monday_23": {"mean": 207.33333333333334, "std": 8.144527815247077}, "Tuesday_0": {"mean": 99.33333333333333, "std": 87.03064594344531}, "Tuesday_1": {"mean": 37.333333333333336, "std": 4.932882862316248}, "Tuesday_2": {"mean": 35.0, "std": 36.864617182333525}, "Tuesday_3": {"mean": 17.0, "std": 13.076696830622021}, "Tuesday_4": {"mean": 21.666666666666668, "std": 28.360771028541045}, "Tuesday_5": {"mean": 9.666666666666666, "std": 8.962886439832502}, "Tuesday_6": {"mean": 13.333333333333334, "std": 3.7859388972001824}, "Tuesday_7": {"mean": 51.0, "std": 12.288205727444508}, "Tuesday_8": {"mean": 196.0, "std": 44.034077712607996}, "Tuesday_9": {"mean": 319.0, "std": 101.4889156509222}, "Tuesday_10": {"mean": 571.3333333333334, "std": 85.50048732804588}, "Tuesday_11": {"mean": 597.6666666666666, "std": 110.07421738687646}, "Tuesday_12": {"mean": 751.6666666666666, "std": 37.50111109465069}, "Tuesday_13": {"mean": 723.0, "std": 89.83874442577657}, "Tuesday_14": {"mean": 591.3333333333334, "std": 30.98924544633724}, "Tuesday_15": {"mean": 515.0, "std": 31.796226191169293}, "Tuesday_16": {"mean": 488.0, "std": 47.031904065219386}, "Tuesday_17": {"mean": 407.3333333333333, "std": 59.13825608972024}, "Tuesday_18": {"mean": 319.0, "std": 13.892443989449804}, "Tuesday_19": {"mean": 288.6666666666667, "std": 19.55334583474995}, "Tuesday_20": {"mean": 291.3333333333333, "std": 65.73684912842516}, "Tuesday_21": {"mean": 256.6666666666667, "std": 35.38832199092426}, "Tuesday_22": {"mean": 230.66666666666666, "std": 70.88958550685237}, "Tuesday_23": {"mean": 199.33333333333334, "std": 10.692676621563626}, "Wednesday_0": {"mean": 77.0, "std": 3.605551275463989}, "Wednesday_1": {"mean": 39.0, "std": 3.605551275463989}, "Wednesday_2": {"mean": 30.333333333333332, "std": 17.616280348965084}, "Wednesday_3": {"mean": 26.666666666666668, "std": 12.583057392117917}, "Wednesday_4": {"mean": 21.333333333333332, "std": 20.256686138984662}, "Wednesday_5": {"mean": 5.333333333333333, "std": 4.041451884327381}, "Wednesday_6": {"mean": 27.0, "std": 13.0}, "Wednesday_7": {"mean": 45.333333333333336, "std": 10.408329997330663}, "Wednesday_8": {"mean": 109.66666666666667, "std": 17.559422921421234}, "Wednesday_9": {"mean": 299.0, "std": 27.51363298439521}, "Wednesday_10": {"mean": 387.3333333333333, "std": 72.19649114280648}, "Wednesday_11": {"mean": 457.6666666666667, "std": 103.96794377755738}, "Wednesday_12": {"mean": 531.0, "std": 84.870489570875}, "Wednesday_13": {"mean": 579.6666666666666, "std": 77.71958140220092}, "Wednesday_14": {"mean": 433.6666666666667, "std": 31.78574103797697}, "Wednesday_15": {"mean": 486.6666666666667, "std": 65.36308846232203}, "Wednesday_16": {"mean": 328.3333333333333, "std": 14.189197769195175}, "Wednesday_17": {"mean": 404.3333333333333, "std": 51.9839718887787}, "Wednesday_18": {"mean": 317.6666666666667, "std": 24.846193538112296}, "Wednesday_19": {"mean": 237.66666666666666, "std": 39.20884254008696}, "Wednesday_20": {"mean": 303.6666666666667, "std": 174.36264890547326}, "Wednesday_21": {"mean": 217.33333333333334, "std": 24.214320831552005}, "Wednesday_22": {"mean": 246.66666666666666, "std": 43.66157731156002}, "Wednesday_23": {"mean": 166.33333333333334, "std": 31.533051443419385}, "Thursday_0": {"mean": 106.66666666666667, "std": 10.692676621563628}, "Thursday_1": {"mean": 25.333333333333332, "std": 3.0550504633038935}, "Thursday_2": {"mean": 28.0, "std": 20.808652046684813}, "Thursday_3": {"mean": 8.666666666666666, "std": 7.3711147958319945}, "Thursday_4": {"mean": 4.5, "std": 0.7071067811865476}, "Thursday_5": {"mean": 8.0, "std": 3.0}, "Thursday_6": {"mean": 20.666666666666668, "std": 8.736894948054106}, "Thursday_7": {"mean": 43.0, "std": 15.394804318340652}, "Thursday_8": {"mean": 131.66666666666666, "std": 30.8274769213008}, "Thursday_9": {"mean": 281.6666666666667, "std": 41.956326499508194}, "Thursday_10": {"mean": 407.0, "std": 12.767145334803704}, "Thursday_11": {"mean": 392.6666666666667, "std": 343.4317011187717}, "Thursday_12": {"mean": 483.0, "std": 29.698484809834994}, "Thursday_13": {"mean": 526.5, "std": 140.71424945612296}, "Thursday_14": {"mean": 395.5, "std": 9.192388155425117}, "Thursday_15": {"mean": 458.0, "std": 9.899494936611665}, "Thursday_16": {"mean": 409.0, "std": 193.74725804511402}, "Thursday_17": {"mean": 413.0, "std": 175.36248173426378}, "Thursday_18": {"mean": 280.5, "std": 7.7781745930520225}, "Thursday_19": {"mean": 257.0, "std": 18.384776310850235}, "Thursday_20": {"mean": 163.5, "std": 6.363961030678928}, "Thursday_21": {"mean": 232.0, "std": 82.02438661763951}, "Thursday_22": {"mean": 205.5, "std": 34.64823227814083}, "Thursday_23": {"mean": 219.5, "std": 53.033008588991066}, "Friday_0": {"mean": 49.0, "std": 35.35533905932738}, "Friday_1": {"mean": 37.0, "std": 45.254833995939045}, "Friday_2": {"mean": 6.5, "std": 2.1213203435596424}, "Friday_3": {"mean": 1.0, "std": NaN}, "Friday_4": {"mean": 1.0, "std": NaN}, "Friday_5": {"mean": 1.5, "std": 0.7071067811865476}, "Friday_6": {"mean": 4.0, "std": 4.242640687119285}, "Friday_7": {"mean": 19.5, "std": 12.020815280171307}, "Friday_8": {"mean": 64.0, "std": 39.59797974644666}, "Friday_9": {"mean": 115.0, "std": 70.71067811865476}, "Friday_10": {"mean": 195.0, "std": 7.0710678118654755}, "Friday_11": {"mean": 283.5, "std": 84.14570696119915}, "Friday_12": {"mean": 269.0, "std": 16.97056274847714}, "Friday_13": {"mean": 304.5, "std": 185.969083452062}, "Friday_14": {"mean": 174.66666666666666, "std": 143.85525132345128}, "Friday_15": {"mean": 385.6666666666667, "std": 236.88886283093458}, "Friday_16": {"mean": 458.0, "std": 382.31008357091497}, "Friday_17": {"mean": 300.3333333333333, "std": 214.01479699622016}, "Friday_18": {"mean": 269.0, "std": 152.1972404480449}, "Friday_19": {"mean": 455.6666666666667, "std": 156.0202978247809}, "Friday_20": {"mean": 232.0, "std": 54.67174773134658}, "Friday_21": {"mean": 240.33333333333334, "std": 55.193598662646856}, "Friday_22": {"mean": 150.33333333333334, "std": 54.26171148547872}, "Friday_23": {"mean": 125.0, "std": 48.53864439804639}, "Saturday_0": {"mean": 66.33333333333333, "std": 8.621678104251709}, "Saturday_1": {"mean": 39.666666666666664, "std": 18.556220879622373}, "Saturday_2": {"mean": 38.333333333333336, "std": 16.041612554021285}, "Saturday_3": {"mean": 10.333333333333334, "std": 3.214550253664318}, "Saturday_4": {"mean": 5.0, "std": 2.6457513110645907}, "Saturday_5": {"mean": 3.3333333333333335, "std": 1.1547005383792515}, "Saturday_6": {"mean": 9.0, "std": 6.082762530298219},