{
    "Monday_0": {
        "mean": 186.5,
        "std": 93.13012402010425
    },
    "Monday_1": {
        "mean": 87.25925925925925,
        "std": 52.46360833406524
    },
    "Monday_2": {
        "mean": 38.03846153846154,
        "std": 24.625971281118264
    },
    "Monday_3": {
        "mean": 40.42307692307692,
        "std": 109.17478576188665
    },
    "Monday_4": {
        "mean": 65.03846153846153,
        "std": 281.97793967177375
    },
    "Monday_5": {
        "mean": 68.4,
        "std": 298.338454332212
    },
    "Monday_6": {
        "mean": 58.92307692307692,
        "std": 218.6139836473272
    },
    "Monday_7": {
        "mean": 81.38461538461539,
        "std": 223.5747887259343
    },
    "Monday_8": {
        "mean": 189.57692307692307,
        "std": 266.0597185711393
    },
    "Monday_9": {
        "mean": 452.9230769230769,
        "std": 347.3976307434376
    },
    "Monday_10": {
        "mean": 763.2962962962963,
        "std": 400.13159516250835
    },
    "Monday_11": {
        "mean": 1014.1481481481482,
        "std": 397.6408027066739
    },
    "Monday_12": {
        "mean": 1086.6153846153845,
        "std": 375.30106068841076
    },
    "Monday_13": {
        "mean": 1122.8076923076924,
        "std": 377.81837109709414
    },
    "Monday_14": {
        "mean": 1013.9629629629629,
        "std": 395.129821069703
    },
    "Monday_15": {
        "mean": 920.8076923076923,
        "std": 307.2876202167304
    },
    "Monday_16": {
        "mean": 731.9629629629629,
        "std": 292.2687753370808
    },
    "Monday_17": {
        "mean": 629.6296296296297,
        "std": 242.5889445366297
    },
    "Monday_18": {
        "mean": 524.7037037037037,
        "std": 195.40447495364282
    },
    "Monday_19": {
        "mean": 494.2307692307692,
        "std": 193.79067215783277
    },
    "Monday_20": {
        "mean": 423.3076923076923,
        "std": 151.15204774815834
    },
    "Monday_21": {
        "mean": 436.6923076923077,
        "std": 146.38955406196695
    },
    "Monday_22": {
        "mean": 387.74074074074076,
        "std": 138.23324563732922
    },
    "Monday_23": {
        "mean": 345.25925925925924,
        "std": 149.103111609845
    },
    "Tuesday_0": {
        "mean": 240.15384615384616,
        "std": 111.67334231863657
    },
    "Tuesday_1": {
        "mean": 103.74074074074075,
        "std": 51.88121980698766
    },
    "Tuesday_2": {
        "mean": 54.333333333333336,
        "std": 31.009923969842053
    },
    "Tuesday_3": {
        "mean": 23.77777777777778,
        "std": 21.343947679942026
    },
    "Tuesday_4": {
        "mean": 14.444444444444445,
        "std": 14.853990226233007
    },
    "Tuesday_5": {
        "mean": 9.777777777777779,
        "std": 8.238434006035058
    },
    "Tuesday_6": {
        "mean": 11.407407407407407,
        "std": 6.5823730772142754
    },
    "Tuesday_7": {
        "mean": 51.851851851851855,
        "std": 36.60464840563675
    },
    "Tuesday_8": {
        "mean": 116.11111111111111,
        "std": 61.5475634294532
    },
    "Tuesday_9": {
        "mean": 290.25925925925924,
        "std": 119.64292791230997
    },
    "Tuesday_10": {
        "mean": 573.1851851851852,
        "std": 188.93263696498101
    },
    "Tuesday_11": {
        "mean": 834.3333333333334,
        "std": 313.0765450763169
    },
    "Tuesday_12": {
        "mean": 965.4074074074074,
        "std": 362.3390103267359
    },
    "Tuesday_13": {
        "mean": 957.4285714285714,
        "std": 411.51629539504427
    },
    "Tuesday_14": {
        "mean": 854.2142857142857,
        "std": 368.03344827286975
    },
    "Tuesday_15": {
        "mean": 810.8928571428571,
        "std": 311.00950792727224
    },
    "Tuesday_16": {
        "mean": 728.2857142857143,
        "std": 306.084938240988
    },
    "Tuesday_17": {
        "mean": 741,
        "std": 499.6566678373118
    },
    "Tuesday_18": {
        "mean": 646.0689655172414,
        "std": 354.8628438298866
    },
    "Tuesday_19": {
        "mean": 552.6551724137931,
        "std": 348.91743557364777
    },
    "Tuesday_20": {
        "mean": 471.6896551724138,
        "std": 320.4792285946019
    },
    "Tuesday_21": {
        "mean": 454.6896551724138,
        "std": 296.5035657998394
    },
    "Tuesday_22": {
        "mean": 430.0689655172414,
        "std": 294.45954500630506
    },
    "Tuesday_23": {
        "mean": 404.0344827586207,
        "std": 331.2201989568938
    },
    "Wednesday_0": {
        "mean": 296.1034482758621,
        "std": 397.99312133571084
    },
    "Wednesday_1": {
        "mean": 186.51724137931035,
        "std": 525.3111065080288
    },
    "Wednesday_2": {
        "mean": 135.3793103448276,
        "std": 455.1850027181337
    },
    "Wednesday_3": {
        "mean": 85.13793103448276,
        "std": 305.98117637457125
    },
    "Wednesday_4": {
        "mean": 44.357142857142854,
        "std": 154.66863367659985
    },
    "Wednesday_5": {
        "mean": 33.758620689655174,
        "std": 136.525417615814
    },
    "Wednesday_6": {
        "mean": 45.93103448275862,
        "std": 150.71707909535166
    },
    "Wednesday_7": {
        "mean": 93.65517241379311,
        "std": 298.17675437111234
    },
    "Wednesday_8": {
        "mean": 173.79310344827587,
        "std": 330.7218705574589
    },
    "Wednesday_9": {
        "mean": 362.8965517241379,
        "std": 487.11522139659746
    },
    "Wednesday_10": {
        "mean": 578.4827586206897,
        "std": 394.5316048076735
    },
    "Wednesday_11": {
        "mean": 829.1724137931035,
        "std": 466.4139844881458
    },
    "Wednesday_12": {
        "mean": 934.8620689655172,
        "std": 518.7380789775133
    },
    "Wednesday_13": {
        "mean": 933.6071428571429,
        "std": 509.3748775440499
    },
    "Wednesday_14": {
        "mean": 882.9642857142857,
        "std": 442.1954890420079
    },
    "Wednesday_15": {
        "mean": 807.3571428571429,
        "std": 352.21165924774965
    },
    "Wednesday_16": {
        "mean": 668,
        "std": 344.43856625808604
    },
    "Wednesday_17": {
        "mean": 620.5172413793103,
        "std": 298.0075047820171
    },
    "Wednesday_18": {
        "mean": 649.7931034482758,
        "std": 557.1138880304935
    },
    "Wednesday_19": {
        "mean": 573.1379310344828,
        "std": 429.1210055898262
    },
    "Wednesday_20": {
        "mean": 473.6551724137931,
        "std": 386.26806715600185
    },
    "Wednesday_21": {
        "mean": 421.2413793103448,
        "std": 260.7409298754518
    },
    "Wednesday_22": {
        "mean": 438.8965517241379,
        "std": 300.97868277950306
    },
    "Wednesday_23": {
        "mean": 382,
        "std": 262.04348057962767
    },
    "Thursday_0": {
        "mean": 269.0689655172414,
        "std": 222.5121073807771
    },
    "Thursday_1": {
        "mean": 106.89655172413794,
        "std": 96.01463609693882
    },
    "Thursday_2": {
        "mean": 55.62068965517241,
        "std": 52.58898159521322
    },
    "Thursday_3": {
        "mean": 32.44827586206897,
        "std": 32.18094623364283
    },
    "Thursday_4": {
        "mean": 16.821428571428573,
        "std": 17.61744415698085
    },
    "Thursday_5": {
        "mean": 19.285714285714285,
        "std": 17.37571132113284
    },
    "Thursday_6": {
        "mean": 21.678571428571427,
        "std": 27.834236274679945
    },
    "Thursday_7": {
        "mean": 63.310344827586206,
        "std": 81.3564043700292
    },
    "Thursday_8": {
        "mean": 139.48275862068965,
        "std": 124.73876150054423
    },
    "Thursday_9": {
        "mean": 318.37931034482756,
        "std": 230.57759985881165
    },
    "Thursday_10": {
        "mean": 561,
        "std": 304.86835566472666
    },
    "Thursday_11": {
        "mean": 730.6206896551724,
        "std": 341.39685890607717
    },