{"Monday_0": {"mean": 2210.0, "std": 264.8905434325657}, "Monday_1": {"mean": 2140.6666666666665, "std": 220.61807118487218}, "Monday_2": {"mean": 2061.6666666666665, "std": 251.42063028584852}, "Monday_3": {"mean": 1959.3333333333333, "std": 317.2449106500108}, "Monday_4": {"mean": 1718.0, "std": 87.02298546935747}, "Monday_5": {"mean": 1288.0, "std": 91.2633551870629}, "Monday_6": {"mean": 852.3333333333334, "std": 17.039170558842745}, "Monday_7": {"mean": 661.3333333333334, "std": 226.55315785336856}, "Monday_8": {"mean": 579.0, "std": 479.9281196179278}, "Monday_9": {"mean": 528.3333333333334, "std": 530.1965044522015}, "Monday_10": {"mean": 407.3333333333333, "std": 413.1153995354486}, "Monday_11": {"mean": 534.3333333333334, "std": 567.6005050502804}, "Monday_12": {"mean": 701.3333333333334, "std": 608.7530971858241}, "Monday_13": {"mean": 1244.0, "std": 647.1452696265345}, "Monday_14": {"mean": 3009.0, "std": 1583.6315859441552}, "Monday_15": {"mean": 3815.25, "std": 3175.6043388096487}, "Monday_16": {"mean": 6119.666666666667, "std": 2185.790551112648}, "Monday_17": {"mean": 6790.333333333333, "std": 2208.218588213887}, "Monday_18": {"mean": 6655.0, "std": 1920.0330726318232}, "Monday_19": {"mean": 6562.333333333333, "std": 1786.9813466663086}, "Monday_20": {"mean": 5783.333333333333, "std": 1279.220986903097}, "Monday_21": {"mean": 5147.0, "std": 1005.7241172409061}, "Monday_22": {"mean": 4934.333333333333, "std": 1141.0685051009573}, "Monday_23": {"mean": 4817.333333333333, "std": 957.0132357148115}, "Tuesday_0": {"mean": 4044.0, "std": 678.5248705832381}, "Tuesday_1": {"mean": 3578.0, "std": 411.1654168336632}, "Tuesday_2": {"mean": 3018.0, "std": 323.5938812771342}, "Tuesday_3": {"mean": 2979.0, "std": 310.7394406894625}, "Tuesday_4": {"mean": 2579.3333333333335, "std": 235.96892450772694}, "Tuesday_5": {"mean": 2106.3333333333335, "std": 366.9336906490508}, "Tuesday_6": {"mean": 2019.0, "std": 753.6292191787683}, "Tuesday_7": {"mean": 1721.3333333333333, "std": 547.1218633296729}, "Tuesday_8": {"mean": 1335.6666666666667, "std": 303.127585899623}, "Tuesday_9": {"mean": 1256.6666666666667, "std": 566.1566332149905}, "Tuesday_10": {"mean": 1150.6666666666667, "std": 628.3091065179092}, "Tuesday_11": {"mean": 973.3333333333334, "std": 686.7054196184368}, "Tuesday_12": {"mean": 1271.3333333333333, "std": 678.7594075468371}, "Tuesday_13": {"mean": 2243.3333333333335, "std": 735.7107674441996}, "Tuesday_14": {"mean": 4819.666666666667, "std": 871.1930517017071}, "Tuesday_15": {"mean": 7443.0, "std": 426.20183012277175}, "Tuesday_16": {"mean": 7866.0, "std": 72.99315036357864}, "Tuesday_17": {"mean": 7699.333333333333, "std": 171.51190434874582}, "Tuesday_18": {"mean": 7741.333333333333, "std": 115.51767541520793}, "Tuesday_19": {"mean": 7344.666666666667, "std": 213.37838066058458}, "Tuesday_20": {"mean": 6536.0, "std": 151.32745950421557}, "Tuesday_21": {"mean": 5735.333333333333, "std": 469.93013665153813}, "Tuesday_22": {"mean": 5506.0, "std": 231.61174408911134}, "Tuesday_23": {"mean": 5368.666666666667, "std": 294.817457646818}, "Wednesday_0": {"mean": 4510.666666666667, "std": 174.06129188689061}, "Wednesday_1": {"mean": 4154.333333333333, "std": 628.3480988539181}, "Wednesday_2": {"mean": 3901.0, "std": 741.876674387327}, "Wednesday_3": {"mean": 3818.6666666666665, "std": 588.1278205741787}, "Wednesday_4": {"mean": 3119.6666666666665, "std": 503.2696427694932}, "Wednesday_5": {"mean": 2250.6666666666665, "std": 545.428577664696}, "Wednesday_6": {"mean": 1514.3333333333333, "std": 724.1645761381409}, "Wednesday_7": {"mean": 958.0, "std": 597.9974916335352}, "Wednesday_8": {"mean": 691.0, "std": 454.70979756323703}, "Wednesday_9": {"mean": 483.3333333333333, "std": 383.3657957269184}, "Wednesday_10": {"mean": 518.6666666666666, "std": 555.4550686899286}, "Wednesday_11": {"mean": 562.3333333333334, "std": 539.7354290143768}, "Wednesday_12": {"mean": 794.3333333333334, "std": 486.14435441886326}, "Wednesday_13": {"mean": 1713.3333333333333, "std": 593.0601430996129}, "Wednesday_14": {"mean": 4223.333333333333, "std": 942.716464974137}, "Wednesday_15": {"mean": 6925.333333333333, "std": 561.4635636738445}, "Wednesday_16": {"mean": 7609.666666666667, "std": 294.8632451380357}, "Wednesday_17": {"mean": 7966.0, "std": 395.51991100322624}, "Wednesday_18": {"mean": 7620.333333333333, "std": 570.7489231994514}, "Wednesday_19": {"mean": 7581.5, "std": 621.5468606629753}, "Wednesday_20": {"mean": 6185.0, "std": 575.5849198858497}, "Wednesday_21": {"mean": 5746.5, "std": 434.8706704297267}, "Wednesday_22": {"mean": 5255.5, "std": 818.1225458328355}, "Wednesday_23": {"mean": 5317.5, "std": 597.5052301026327}, "Thursday_0": {"mean": 4554.5, "std": 217.08178182427008}, "Thursday_1": {"mean": 3639.0, "std": 88.79189152169245}, "Thursday_2": {"mean": 3654.3333333333335, "std": 583.5771871255193}, "Thursday_3": {"mean": 3333.0, "std": 258.5362643808408}, "Thursday_4": {"mean": 2838.6666666666665, "std": 234.31246943629213}, "Thursday_5": {"mean": 1978.3333333333333, "std": 115.48737304715756}, "Thursday_6": {"mean": 1181.3333333333333, "std": 90.12398866746486}, "Thursday_7": {"mean": 1018.0, "std": 379.74596772052763}, "Thursday_8": {"mean": 900.0, "std": 538.6269581073714}, "Thursday_9": {"mean": 889.0, "std": 523.7680784469401}, "Thursday_10": {"mean": 904.0, "std": 632.1487166798648}, "Thursday_11": {"mean": 811.0, "std": 496.65581643629224}, "Thursday_12": {"mean": 990.6666666666666, "std": 468.00142449925653}, "Thursday_13": {"mean": 1815.6666666666667, "std": 436.09784834751633}, "Thursday_14": {"mean": 4309.0, "std": 707.4772081134487}, "Thursday_15": {"mean": 7060.333333333333, "std": 409.51353253993125}, "Thursday_16": {"mean": 7941.0, "std": 449.2126445237266}, "Thursday_17": {"mean": 7969.0, "std": 213.13610674871586}, "Thursday_18": {"mean": 7733.0, "std": 433.5077853972175}, "Thursday_19": {"mean": 7366.0, "std": 219.39234261933575}, "Thursday_20": {"mean": 6486.0, "std": 450.50749161362455}, "Thursday_21": {"mean": 5831.0, "std": 105.88673193559238}, "Thursday_22": {"mean": 5592.666666666667, "std": 345.04830579693237}, "Thursday_23": {"mean": 5313.333333333333, "std": 335.29439800469873}, "Friday_0": {"mean": 4417.333333333333, "std": 214.04750251599137}, "Friday_1": {"mean": 3717.0, "std": 213.64222429098606}, "Friday_2": {"mean": 3312.0, "std": 134.3763372026489}, "Friday_3": {"mean": 2923.0, "std": 164.2924222233028}, "Friday_4": {"mean": 2436.3333333333335, "std": 23.797758998135375}, "Friday_5": {"mean": 1799.6666666666667, "std": 139.15578799796052}, "Friday_6": {"mean": 1112.6666666666667, "std": 57.046764442283084}, "Friday_7": {"mean": 633.6666666666666, "std": 43.730233629988}, "Friday_8": {"mean": 401.3333333333333, "std": 34.70350606687073}, "Friday_9": {"mean": 270.3333333333333, "std": 18.44812546936228}, "Friday_10": {"mean": 234.0, "std": 19.078784028338912}, "Friday_11": {"mean": 250.0, "std": 30.643106892089126}, "Friday_12": {"mean": 534.3333333333334, "std": 38.397048497681865}, "Friday_13": {"mean": 1358.0, "std": 140.29967925836468}, "Friday_14": {"mean": 3608.6666666666665, "std": 281.37223269777945}, "Friday_15": {"mean": 6396.333333333333, "std": 313.00212991820575}, "Friday_16": {"mean": 7389.333333333333, "std": 263.0215453785741}, "Friday_17": {"mean": 6446.666666666667, "std": 1923.235901633841}, "Friday_18": {"mean": 6311.666666666667, "std": 2165.890655904248}, "Friday_19": {"mean": 5996.0, "std": 1969.9388315376698}, "Friday_20": {"mean": 4797.0, "std": 1367.055595065541}, "Friday_21": {"mean": 4377.0, "std": 1055.3023263501318}, "Friday_22": {"mean": 3967.6666666666665, "std": 1007.9217892938585}, "Friday_23": {"mean": 3776.3333333333335, "std": 933.1946920837759}, "Saturday_0": {"mean": 3506.3333333333335, "std": 504.2274618992239}, "Saturday_1": {"mean": 2502.3333333333335, "std": 564.9445400509092}, "Saturday_2": {"mean": 2468.0, "std": 33.94112549695428}, "Saturday_3": {"mean": 2182.5,